{
  "cross_stage_gap_p": 1.862645149230957e-09,
  "cohens_d": 1.14,
  "encoder_vs_cosine_p": 1.8948097207904354e-06
}